{
  "GET-Comments" : {
    "transaction" : "GET-Comments",
    "sampleCount" : 1000,
    "errorCount" : 0,
    "errorPct" : 0.0,
    "meanResTime" : 1122.2769999999996,
    "medianResTime" : 1095.0,
    "minResTime" : 5.0,
    "maxResTime" : 3580.0,
    "pct1ResTime" : 2051.9,
    "pct2ResTime" : 2255.599999999998,
    "pct3ResTime" : 2799.63,
    "throughput" : 47.134238310708895,
    "receivedKBytesPerSec" : 7401.14486487203,
    "sentKBytesPerSec" : 19.65460913932881
  },
  "GET-Authors" : {
    "transaction" : "GET-Authors",
    "sampleCount" : 1000,
    "errorCount" : 0,
    "errorPct" : 0.0,
    "meanResTime" : 980.9719999999995,
    "medianResTime" : 973.0,
    "minResTime" : 3.0,
    "maxResTime" : 2999.0,
    "pct1ResTime" : 1930.0,
    "pct2ResTime" : 2002.0,
    "pct3ResTime" : 2384.760000000001,
    "throughput" : 47.69854519437157,
    "receivedKBytesPerSec" : 1995.9313234110423,
    "sentKBytesPerSec" : 16.210052468399713
  },
  "POST-Author" : {
    "transaction" : "POST-Author",
    "sampleCount" : 1000,
    "errorCount" : 0,
    "errorPct" : 0.0,
    "meanResTime" : 1191.5290000000002,
    "medianResTime" : 1185.5,
    "minResTime" : 17.0,
    "maxResTime" : 3524.0,
    "pct1ResTime" : 2084.7,
    "pct2ResTime" : 2338.499999999999,
    "pct3ResTime" : 2874.96,
    "throughput" : 46.722422090361164,
    "receivedKBytesPerSec" : 2496.9177802177264,
    "sentKBytesPerSec" : 19.163493435499696
  },
  "Total" : {
    "transaction" : "Total",
    "sampleCount" : 6000,
    "errorCount" : 0,
    "errorPct" : 0.0,
    "meanResTime" : 1415.4430000000004,
    "medianResTime" : 1339.0,
    "minResTime" : 3.0,
    "maxResTime" : 11022.0,
    "pct1ResTime" : 2540.600000000002,
    "pct2ResTime" : 3206.0,
    "pct3ResTime" : 4930.809999999996,
    "throughput" : 261.4606937423741,
    "receivedKBytesPerSec" : 32128.141656203697,
    "sentKBytesPerSec" : 121.79370206553948
  },
  "POST-Blog" : {
    "transaction" : "POST-Blog",
    "sampleCount" : 1000,
    "errorCount" : 0,
    "errorPct" : 0.0,
    "meanResTime" : 1324.9229999999998,
    "medianResTime" : 1371.0,
    "minResTime" : 33.0,
    "maxResTime" : 4067.0,
    "pct1ResTime" : 2228.5,
    "pct2ResTime" : 2418.8999999999996,
    "pct3ResTime" : 2981.95,
    "throughput" : 46.468401486988846,
    "receivedKBytesPerSec" : 3.861914425534387,
    "sentKBytesPerSec" : 32.21930181226766
  },
  "GET-Blogs" : {
    "transaction" : "GET-Blogs",
    "sampleCount" : 1000,
    "errorCount" : 0,
    "errorPct" : 0.0,
    "meanResTime" : 2190.892000000003,
    "medianResTime" : 1981.0,
    "minResTime" : 9.0,
    "maxResTime" : 11022.0,
    "pct1ResTime" : 4398.4,
    "pct2ResTime" : 5151.0999999999985,
    "pct3ResTime" : 7260.6100000000015,
    "throughput" : 48.47779716889664,
    "receivedKBytesPerSec" : 11945.048949319493,
    "sentKBytesPerSec" : 16.380193184021717
  },
  "POST-Comment" : {
    "transaction" : "POST-Comment",
    "sampleCount" : 1000,
    "errorCount" : 0,
    "errorPct" : 0.0,
    "meanResTime" : 1682.0649999999991,
    "medianResTime" : 1672.5,
    "minResTime" : 64.0,
    "maxResTime" : 4595.0,
    "pct1ResTime" : 2824.0,
    "pct2ResTime" : 3189.6499999999996,
    "pct3ResTime" : 3900.9,
    "throughput" : 46.20431548306612,
    "receivedKBytesPerSec" : 11018.901986929954,
    "sentKBytesPerSec" : 27.569176523587302
  }
}