{
  "GET-Comments" : {
    "transaction" : "GET-Comments",
    "sampleCount" : 100,
    "errorCount" : 0,
    "errorPct" : 0.0,
    "meanResTime" : 5.76,
    "medianResTime" : 5.0,
    "minResTime" : 3.0,
    "maxResTime" : 32.0,
    "pct1ResTime" : 8.0,
    "pct2ResTime" : 12.0,
    "pct3ResTime" : 31.91999999999996,
    "throughput" : 10.741138560687434,
    "receivedKBytesPerSec" : 221.23567148899033,
    "sentKBytesPerSec" : 4.478970864661654
  },
  "GET-Authors" : {
    "transaction" : "GET-Authors",
    "sampleCount" : 100,
    "errorCount" : 0,
    "errorPct" : 0.0,
    "meanResTime" : 4.46,
    "medianResTime" : 4.0,
    "minResTime" : 2.0,
    "maxResTime" : 28.0,
    "pct1ResTime" : 6.0,
    "pct2ResTime" : 7.949999999999989,
    "pct3ResTime" : 27.819999999999908,
    "throughput" : 10.73191672032625,
    "receivedKBytesPerSec" : 48.62941685447521,
    "sentKBytesPerSec" : 3.6471748229233745
  },
  "POST-Author" : {
    "transaction" : "POST-Author",
    "sampleCount" : 100,
    "errorCount" : 0,
    "errorPct" : 0.0,
    "meanResTime" : 11.939999999999996,
    "medianResTime" : 10.0,
    "minResTime" : 7.0,
    "maxResTime" : 55.0,
    "pct1ResTime" : 15.900000000000006,
    "pct2ResTime" : 31.499999999999886,
    "pct3ResTime" : 54.989999999999995,
    "throughput" : 10.758472296933835,
    "receivedKBytesPerSec" : 49.94526206966111,
    "sentKBytesPerSec" : 4.412654653039269
  },
  "Total" : {
    "transaction" : "Total",
    "sampleCount" : 600,
    "errorCount" : 0,
    "errorPct" : 0.0,
    "meanResTime" : 14.561666666666675,
    "medianResTime" : 10.0,
    "minResTime" : 2.0,
    "maxResTime" : 504.0,
    "pct1ResTime" : 19.0,
    "pct2ResTime" : 27.949999999999932,
    "pct3ResTime" : 110.57000000000039,
    "throughput" : 55.23844595838704,
    "receivedKBytesPerSec" : 822.415498843445,
    "sentKBytesPerSec" : 25.731190158350213
  },
  "POST-Blog" : {
    "transaction" : "POST-Blog",
    "sampleCount" : 100,
    "errorCount" : 0,
    "errorPct" : 0.0,
    "meanResTime" : 14.080000000000004,
    "medianResTime" : 11.0,
    "minResTime" : 7.0,
    "maxResTime" : 68.0,
    "pct1ResTime" : 17.80000000000001,
    "pct2ResTime" : 65.19999999999959,
    "pct3ResTime" : 68.0,
    "throughput" : 10.809642200843152,
    "receivedKBytesPerSec" : 0.8863062101394444,
    "sentKBytesPerSec" : 7.494966760350233
  },
  "GET-Blogs" : {
    "transaction" : "GET-Blogs",
    "sampleCount" : 100,
    "errorCount" : 0,
    "errorPct" : 0.0,
    "meanResTime" : 31.91999999999999,
    "medianResTime" : 12.0,
    "minResTime" : 8.0,
    "maxResTime" : 504.0,
    "pct1ResTime" : 17.900000000000006,
    "pct2ResTime" : 206.94999999999885,
    "pct3ResTime" : 503.96999999999997,
    "throughput" : 10.209290454313425,
    "receivedKBytesPerSec" : 391.05430863961203,
    "sentKBytesPerSec" : 3.4496235324144973
  },
  "POST-Comment" : {
    "transaction" : "POST-Comment",
    "sampleCount" : 100,
    "errorCount" : 0,
    "errorPct" : 0.0,
    "meanResTime" : 19.209999999999994,
    "medianResTime" : 17.0,
    "minResTime" : 10.0,
    "maxResTime" : 50.0,
    "pct1ResTime" : 26.80000000000001,
    "pct2ResTime" : 49.0,
    "pct3ResTime" : 49.989999999999995,
    "throughput" : 10.875475802066342,
    "receivedKBytesPerSec" : 230.28023467237628,
    "sentKBytesPerSec" : 6.489175502990756
  }
}